duration,mfcc_mean_1,mfcc_mean_2,mfcc_mean_3,mfcc_mean_4,mfcc_mean_5,mfcc_mean_6,mfcc_mean_7,mfcc_mean_8,mfcc_mean_9,mfcc_mean_10,mfcc_mean_11,mfcc_mean_12,mfcc_mean_13,mfcc_mean_14,mfcc_mean_15,mfcc_mean_16,mfcc_mean_17,mfcc_mean_18,mfcc_mean_19,mfcc_mean_20,mfcc_mean_21,mfcc_mean_22,mfcc_mean_23,mfcc_mean_24,mfcc_mean_25,mfcc_mean_26,mfcc_mean_27,mfcc_mean_28,mfcc_mean_29,mfcc_mean_30,mfcc_mean_31,mfcc_mean_32,mfcc_mean_33,mfcc_mean_34,mfcc_mean_35,mfcc_mean_36,mfcc_mean_37,mfcc_mean_38,mfcc_mean_39,mfcc_mean_40,mfcc_std_1,mfcc_std_2,mfcc_std_3,mfcc_std_4,mfcc_std_5,mfcc_std_6,mfcc_std_7,mfcc_std_8,mfcc_std_9,mfcc_std_10,mfcc_std_11,mfcc_std_12,mfcc_std_13,mfcc_std_14,mfcc_std_15,mfcc_std_16,mfcc_std_17,mfcc_std_18,mfcc_std_19,mfcc_std_20,mfcc_std_21,mfcc_std_22,mfcc_std_23,mfcc_std_24,mfcc_std_25,mfcc_std_26,mfcc_std_27,mfcc_std_28,mfcc_std_29,mfcc_std_30,mfcc_std_31,mfcc_std_32,mfcc_std_33,mfcc_std_34,mfcc_std_35,mfcc_std_36,mfcc_std_37,mfcc_std_38,mfcc_std_39,mfcc_std_40,mfcc_delta_mean_1,mfcc_delta_mean_2,mfcc_delta_mean_3,mfcc_delta_mean_4,mfcc_delta_mean_5,mfcc_delta_mean_6,mfcc_delta_mean_7,mfcc_delta_mean_8,mfcc_delta_mean_9,mfcc_delta_mean_10,mfcc_delta_mean_11,mfcc_delta_mean_12,mfcc_delta_mean_13,mfcc_delta_mean_14,mfcc_delta_mean_15,mfcc_delta_mean_16,mfcc_delta_mean_17,mfcc_delta_mean_18,mfcc_delta_mean_19,mfcc_delta_mean_20,mfcc_delta_mean_21,mfcc_delta_mean_22,mfcc_delta_mean_23,mfcc_delta_mean_24,mfcc_delta_mean_25,mfcc_delta_mean_26,mfcc_delta_mean_27,mfcc_delta_mean_28,mfcc_delta_mean_29,mfcc_delta_mean_30,mfcc_delta_mean_31,mfcc_delta_mean_32,mfcc_delta_mean_33,mfcc_delta_mean_34,mfcc_delta_mean_35,mfcc_delta_mean_36,mfcc_delta_mean_37,mfcc_delta_mean_38,mfcc_delta_mean_39,mfcc_delta_mean_40,mfcc_delta_std_1,mfcc_delta_std_2,mfcc_delta_std_3,mfcc_delta_std_4,mfcc_delta_std_5,mfcc_delta_std_6,mfcc_delta_std_7,mfcc_delta_std_8,mfcc_delta_std_9,mfcc_delta_std_10,mfcc_delta_std_11,mfcc_delta_std_12,mfcc_delta_std_13,mfcc_delta_std_14,mfcc_delta_std_15,mfcc_delta_std_16,mfcc_delta_std_17,mfcc_delta_std_18,mfcc_delta_std_19,mfcc_delta_std_20,mfcc_delta_std_21,mfcc_delta_std_22,mfcc_delta_std_23,mfcc_delta_std_24,mfcc_delta_std_25,mfcc_delta_std_26,mfcc_delta_std_27,mfcc_delta_std_28,mfcc_delta_std_29,mfcc_delta_std_30,mfcc_delta_std_31,mfcc_delta_std_32,mfcc_delta_std_33,mfcc_delta_std_34,mfcc_delta_std_35,mfcc_delta_std_36,mfcc_delta_std_37,mfcc_delta_std_38,mfcc_delta_std_39,mfcc_delta_std_40,chroma_mean_1,chroma_mean_2,chroma_mean_3,chroma_mean_4,chroma_mean_5,chroma_mean_6,chroma_mean_7,chroma_mean_8,chroma_mean_9,chroma_mean_10,chroma_mean_11,chroma_mean_12,chroma_std_1,chroma_std_2,chroma_std_3,chroma_std_4,chroma_std_5,chroma_std_6,chroma_std_7,chroma_std_8,chroma_std_9,chroma_std_10,chroma_std_11,chroma_std_12,centroid_mean,centroid_std,bandwidth_mean,bandwidth_std,rolloff_mean,rolloff_std,contrast_mean,contrast_std,zcr_mean,zcr_std,rms_mean,rms_std,pitch_mean,pitch_std,tonnetz_mean_1,tonnetz_mean_2,tonnetz_mean_3,tonnetz_mean_4,tonnetz_mean_5,tonnetz_mean_6,tonnetz_std_1,tonnetz_std_2,tonnetz_std_3,tonnetz_std_4,tonnetz_std_5,tonnetz_std_6,label
9.952,-429.11438,119.68054,18.431004,19.62401,-8.051838,-4.1676154,-6.304759,-1.9068253,-16.118006,-11.515788,-7.5303564,-3.2816873,-5.854141,-15.836602,-5.500645,-4.2824907,1.3559899,-0.9868088,-3.0888083,-3.7701662,-5.4660854,-5.484413,-3.6459272,-1.6751801,-5.4146557,-5.9007707,-2.9668686,0.32559147,-2.941339,-3.5008955,-4.016002,-5.245161,-1.4532896,0.96375746,-2.7859068,-3.816349,-1.1474047,-0.6455837,-1.940974,-3.160118,99.20453,69.859505,31.536802,31.8415,27.526646,17.172104,18.158024,12.590635,17.760458,13.759781,9.908901,10.851953,10.028914,9.5141115,10.765742,7.153481,9.462897,8.797528,7.780034,6.4015913,7.8621235,7.4725604,6.190131,6.349123,5.290922,6.7032285,6.220329,5.9431214,5.3940477,5.380898,5.450954,4.8186474,4.7659097,4.7054825,4.70715,4.4919734,4.893228,4.304176,4.092441,3.9782703,-0.022547444,-0.034995507,-0.037167385,-0.023561586,-0.010963231,-0.002294274,0.0075475043,0.0113998465,0.0104325935,0.0026340378,0.005187439,0.009070954,0.007748705,0.0007248445,-0.009989569,-0.015844855,-0.013933269,-0.0028391557,-0.00061547355,0.0020513504,0.008866085,0.018193448,0.023125064,0.020401288,0.022130163,0.020391453,0.018642087,0.012596515,0.006402545,0.0023267851,0.0026714108,0.0064654597,0.0028312844,-0.0047172057,-0.016281541,-0.012255654,-0.0009570719,0.002937327,0.0040506017,0.0065860855,11.435919,11.058177,5.104453,5.663229,4.229612,3.051405,3.009465,2.337234,2.4428158,2.329624,1.6044595,1.7774667,1.6977413,1.446664,1.9034863,1.2945341,1.4946481,1.3770883,1.2920038,1.2168592,1.4315845,1.3221158,1.1294098,1.1406902,0.98591095,1.2646073,1.0268494,0.99472964,0.9476105,0.9207544,0.91672844,0.9135828,0.8218523,0.8581281,0.8216313,0.77941674,0.9242324,0.7983994,0.7294107,0.6920931,0.42288077,0.42801368,0.44823936,0.45459738,0.46901786,0.49715495,0.46450716,0.45096463,0.45742768,0.46781117,0.4826134,0.4642222,0.27602813,0.29400542,0.2998072,0.29786915,0.2972677,0.2928299,0.28935263,0.29123664,0.28760028,0.29017732,0.29810512,0.29345015,2178.251,1509.9165,2092.6567,829.0435,4145.6914,2838.4446,22.449549,13.630195,0.09717345,0.09269432,0.021670025,0.025417652,265.49762,403.0174,-0.013150587,-0.008771358,0.013225543,0.008251882,0.0024846348,-0.0014602457,0.070621,0.07520631,0.1487855,0.13893585,0.0373376,0.048281867,unknown
15.0,-392.68323,136.72563,-16.430712,15.630078,1.6001425,12.561444,-10.113648,4.8464355,-31.086847,-14.296425,-13.952898,-5.059088,2.9724126,-15.044737,-6.773996,-2.3697574,4.877808,-12.431943,-7.1777925,-7.4632125,-2.3365293,-2.0464036,-4.5775895,-5.2515836,-1.489236,-1.4486707,-4.740176,0.9817254,-8.37738,0.39543024,-0.40945905,-0.97923785,-5.0052395,-0.8788879,-1.865972,-6.7304907,1.3894529,-3.7895515,-0.3738771,-2.739017,119.68895,69.459694,35.82766,38.461094,32.697514,20.279236,19.4843,16.950747,20.555553,14.389835,15.097728,13.419211,13.966563,10.3066,10.092738,8.737485,10.426079,11.399945,10.159793,8.822973,8.712706,9.884761,9.469715,7.6919293,8.401662,7.8598394,7.4197817,6.459641,8.527379,6.7721834,5.935617,6.222375,7.17634,6.1568527,5.328223,6.0637255,5.51794,4.9286485,4.8945546,4.9930553,0.38590455,-0.19251017,-0.10454275,0.13090971,-0.06632456,0.017404683,-0.039955802,0.029807573,-0.065296754,0.042970553,-0.009229305,0.010248731,0.026350178,0.008949398,0.0032570877,-0.0117767695,0.0019558214,-0.022897435,0.02901524,-0.009750708,0.028721774,-0.014967568,0.018275067,0.019907357,0.0069722063,0.0059997537,-0.0069444785,0.02485455,-0.017778458,-0.003976534,-0.017594436,0.014325745,-0.0025081532,0.004969309,0.00045786586,-0.015700623,-0.0026591893,0.002802107,0.00011826375,-0.0071155503,13.793511,11.533657,6.211783,6.1933103,5.2625175,3.4588745,3.1101124,2.559944,3.5157046,2.5745823,2.2911022,2.0746949,2.0885296,1.7309582,1.7695621,1.5700411,1.6480659,1.8174399,1.7489182,1.5527841,1.614846,1.4476742,1.5712174,1.3904899,1.4482436,1.3041316,1.2738435,1.111264,1.2623829,1.0687916,1.0210841,1.0742337,1.1987653,1.083779,0.8820781,1.0086185,0.9802627,0.9246844,0.849831,0.82990974,0.4881543,0.48387676,0.43510354,0.41531038,0.44860384,0.44734547,0.477686,0.43775538,0.3727121,0.35169607,0.33077082,0.3922621,0.31007358,0.30852294,0.29847,0.28173718,0.29424033,0.26956955,0.3127899,0.3160598,0.29889858,0.29154065,0.2673342,0.2891971,2278.7085,1430.6226,2137.182,759.5385,4222.6646,2767.2583,23.80214,13.8426285,0.10346773,0.082673475,0.031227663,0.027688717,381.78845,509.14963,0.01623847,-0.0058810757,-0.037583157,0.030773332,0.0011162391,0.0060844687,0.07312823,0.09415911,0.11942323,0.1374594,0.040559538,0.04598275,unknown
1.028,-383.7072,128.05128,-36.792645,21.039103,-9.535709,18.55966,-22.05535,3.0209172,-34.708893,-1.7264577,-9.378465,-4.2167764,4.4032955,-19.462944,0.9400536,-2.421858,8.968943,-11.05498,-6.3090734,-8.934756,-4.4366136,-5.058689,-6.597042,-3.339541,-3.090094,-0.39870957,-5.0073075,2.0793316,-9.244974,0.44185022,-0.9786125,-1.5058582,-4.678565,-1.1577222,0.055836573,-8.638373,3.1046674,-1.8582201,-3.0617666,-1.3011658,125.993675,67.69452,31.221275,25.61234,28.144295,16.631805,23.692772,16.115646,22.65746,9.430843,13.5494375,13.283706,9.702902,12.338808,12.767417,8.975381,9.239438,11.579179,8.437556,8.938396,9.509226,9.778469,8.428104,7.2373624,6.822232,6.996706,8.455246,6.1300826,7.5352235,8.193705,7.0734468,5.7706556,6.4178786,6.442114,4.811492,6.617939,6.2815733,5.5617847,4.7277756,5.587613,-5.2501316,2.0043046,1.5888592,-0.78269494,0.0049163615,-0.25594524,0.61801976,-0.6495165,0.713156,-0.4302533,0.18477504,-0.2524769,-0.06144783,0.21887152,-0.25828347,0.16686615,-0.44863588,0.11778342,0.17729302,0.071381964,-0.10479262,0.007865176,-0.30201527,0.06573545,-0.14292975,-0.03928356,0.16393042,0.028975446,0.20106564,-0.47151914,0.122204065,-0.130712,-0.026614897,0.171088,-0.12412424,-0.120102175,-0.12642406,-0.04450447,0.053232305,0.07054428,14.123591,13.4896345,4.679034,4.4951024,6.361932,3.3160222,3.6088762,3.3386452,2.6987848,1.9058816,3.0122015,2.3708682,2.1368043,1.6267571,2.2360287,1.7279584,1.6991378,2.274872,1.9904985,1.1710967,1.6766673,2.0402477,1.6103718,1.4442765,1.3952991,1.3998003,1.2677414,1.2269375,1.2313468,1.5136818,1.3390875,0.9784198,1.0671656,1.190357,0.9071959,1.3257459,0.9418834,0.99056554,0.9297261,1.0371131,0.561454,0.50347525,0.47031328,0.44854248,0.46699083,0.43421894,0.46291497,0.59648144,0.46555197,0.4675561,0.52061003,0.50008565,0.29470062,0.2666043,0.25815326,0.22726145,0.2667014,0.22083037,0.26828748,0.32205042,0.24708475,0.26518312,0.3258217,0.2669607,2668.5952,1462.6123,2372.1348,658.4856,4876.6826,2735.9001,22.58505,14.458425,0.13003305,0.09262363,0.024913223,0.024264105,416.15613,375.58212,0.017174488,0.037300557,-0.054061126,0.023711236,-0.01777312,0.007195483,0.030268375,0.065205336,0.06138544,0.051140297,0.025465377,0.021580992,unknown
15.0,-376.25763,140.75987,-25.188044,23.19974,8.1507435,9.231684,-14.731816,4.3592997,-23.247768,-13.05426,-16.200636,-5.4307885,1.0286777,-14.19235,-4.4269924,-4.1872635,4.8765807,-11.730657,-9.471489,-7.494621,-3.7877133,-1.1109729,-5.105583,-5.904623,1.294603,-3.5584643,-6.174707,1.6645681,-8.49698,-0.6583222,0.018243851,0.041354638,-4.5201654,-0.2537355,-2.4363341,-6.3888636,1.2442919,-2.1777446,-0.29024315,-4.170595,100.92123,73.19655,40.049355,40.3946,33.518692,27.331991,20.592813,18.015993,19.20112,18.429071,12.709978,15.674629,13.472778,10.968332,11.299864,10.595593,11.297206,11.202695,10.114738,8.540434,9.265416,9.265998,9.012013,8.424489,9.129259,10.149832,7.960501,7.5196147,8.590878,6.818635,6.4934964,6.697637,6.674965,6.602623,5.3946385,5.6451845,6.9100785,6.169129,5.8023605,5.5750446,0.13068283,0.012079878,-0.10929363,-0.06704834,-0.02821939,-0.0075611915,0.0031664083,0.02107423,-0.013820267,-0.010023682,-0.012115784,0.023949187,0.051615704,0.016553205,-0.0060990797,-0.016231976,0.00513377,0.02345465,-0.0010607619,-0.014351384,0.019037876,0.017660977,0.0018704496,-0.004317416,0.0072541013,0.03202441,0.036563225,0.0044467784,-0.014182209,-0.004622422,-0.0021774499,0.0049922746,-0.005069632,0.006353855,-0.0030030005,-0.0061557186,-0.0029883294,-0.0009840551,0.0003760743,-0.007435346,14.257228,12.044896,6.752678,5.7935123,5.4624276,4.0603466,3.3081176,2.6354437,3.233809,2.9075894,2.2834525,2.5639107,2.1902738,1.6764784,1.9950185,1.8178253,1.819004,1.9492685,1.7305664,1.5154281,1.48712,1.5634848,1.3948338,1.4083312,1.3351041,1.5532415,1.2967107,1.2561139,1.4707534,1.1095237,1.152288,1.1648531,1.1046844,1.0349095,0.9124825,0.9593705,1.1283295,1.0597807,1.016638,1.0059061,0.5006615,0.47593054,0.40585107,0.40959057,0.4135596,0.39069954,0.38148287,0.3688563,0.3480744,0.33222058,0.3532946,0.4437971,0.30928192,0.3165605,0.2921365,0.29902375,0.2895637,0.273338,0.2965632,0.2975278,0.29894435,0.2856451,0.28780192,0.30622613,2202.3127,1490.4121,1956.9729,775.7534,3989.439,2698.9895,23.80291,13.438576,0.10120488,0.085811846,0.03305164,0.025687857,406.8493,536.1189,0.0056426506,0.0014719861,-0.009106045,0.06460603,-0.006927251,1.1214899e-05,0.08333472,0.10421518,0.12800774,0.1279301,0.04274121,0.050324008,unknown
6.968,-375.1335,118.256805,-32.971966,33.522316,9.253577,10.653262,-14.67706,0.21209475,-16.62485,-21.791464,-14.207797,-4.102791,-2.0300217,-13.232177,-8.510104,-0.04673907,5.8323426,-14.779127,-11.258931,-4.144357,-4.220278,-4.736506,0.46844685,-2.3336468,-3.3027189,-0.53280807,-2.5340168,-1.8821647,-10.186581,0.33449778,0.4185452,-2.240602,-2.0816526,-3.1481638,-3.1399195,-4.635386,-0.75575227,-0.09739963,-1.2088189,-1.7600067,82.40319,70.277504,36.92214,51.30579,41.935417,22.894917,23.229006,17.10245,16.924276,20.892946,15.185639,16.33977,17.059143,12.107292,12.084336,10.557766,10.3630495,10.484899,10.032197,7.926507,8.198247,7.4071445,8.103901,7.208757,7.0185556,7.291152,7.38926,7.0162067,6.5184126,6.805974,5.2403355,5.6406775,6.192169,5.1578584,4.8977532,4.7918587,5.2279215,4.8659644,4.8980846,4.635872,-0.3383507,-0.11067726,0.16236703,0.06628488,0.028693436,0.026762472,0.035456967,0.02769513,0.036506604,-0.01488491,-0.005579992,-0.004098485,-0.0067430353,0.022913158,0.022665361,0.010514558,-0.04706524,-0.017308487,0.04496444,0.020932145,-0.008087418,-8.099341e-05,-0.017929628,0.0068247626,0.013632002,-0.033366673,-0.01638869,0.0029001208,0.007981477,-0.006844463,-0.008317741,0.0049447566,0.0044286386,-0.005327743,-0.0032358016,0.010939806,-0.0010052897,-0.015333926,0.0007227503,0.02372299,13.135855,11.845951,7.1849,5.8849707,5.7476225,3.534077,3.2770524,3.0503726,3.1782725,3.289813,2.579171,2.3893442,2.358293,2.058128,2.1367736,1.7775737,1.9107684,1.604235,1.7474544,1.4359604,1.3791606,1.3064115,1.3592333,1.2006893,1.1461984,1.3875269,1.4173939,1.0452076,1.2437966,1.2701735,0.88516754,0.9799319,1.016245,0.79991126,0.87516,0.84563756,0.90453714,0.84716207,0.8362343,0.8370226,0.46545973,0.46144298,0.42044497,0.37625742,0.42868552,0.4190324,0.41720104,0.3715828,0.27699685,0.2545603,0.26079696,0.3252615,0.3467511,0.31117532,0.31038126,0.27654618,0.3140687,0.31400537,0.32029802,0.33046666,0.27849838,0.2750048,0.25710905,0.29239777,2443.4546,1481.6738,1874.982,667.8721,4171.947,2328.208,23.857435,13.6628275,0.11856499,0.095746025,0.031350892,0.024252998,556.139,615.1322,0.0112876035,0.006839074,-0.009034558,0.0027150768,0.0002797636,0.011246943,0.08099012,0.10250396,0.14032085,0.12990852,0.040089533,0.055309698,unknown
12.348,-448.93488,87.57711,-8.532319,51.064983,-4.775265,18.848345,-13.76716,7.918821,-9.004615,-6.366283,-14.731061,-16.121582,2.444825,-8.211522,-1.030634,-6.2407146,-1.2588141,-6.8377924,-6.129612,-10.485416,-6.2570333,-8.257463,-4.790101,3.268893,-2.750835,-1.4482825,-3.02513,-1.2093545,-5.7979035,-2.1964748,-4.669841,-5.439748,-3.4171548,-1.3882734,-0.85689366,-4.623092,-3.2607489,-1.9121177,-1.0188353,-4.0064044,111.10049,66.35666,33.092117,36.52958,31.623291,18.326094,21.037508,15.54402,14.852877,17.453104,12.917069,13.002698,11.397827,11.37252,10.06252,10.748052,9.933857,9.871508,10.348548,8.480328,8.294341,8.001976,7.117383,7.8906198,7.1134977,7.573962,7.593391,7.0750246,6.476139,6.705898,7.3058257,6.1063323,6.6612725,5.959356,5.5692596,5.549829,5.0316925,5.019801,5.341685,5.3525987,0.06526621,0.06590066,0.010836443,0.0017068151,0.019906292,0.017116433,0.0075868797,-0.009726616,-0.0058131292,-0.0066594263,-0.018889962,-0.004454094,0.0030773415,0.0033013585,0.008137445,-0.003114982,-0.01709098,-0.02484883,-0.022003097,-0.0061233104,-0.00025864833,0.0008702408,0.0046646935,0.00047637513,-0.006420616,-0.0030832593,0.003957462,0.0025951988,0.0042830533,0.010532019,0.010143101,-0.001106122,-0.0074977647,-0.005541164,-0.0058458643,-0.0032874707,-0.0002034711,0.0020225733,0.00061611744,-0.001084823,13.430633,11.549568,5.824494,5.22251,4.888191,3.1137362,3.5485687,2.583411,2.3743606,2.2764192,2.053244,1.9458277,1.8069397,1.8283756,1.8236265,1.6567729,1.5116019,1.5007765,1.6428617,1.3944353,1.5205202,1.2534994,1.1887254,1.3239449,1.2014052,1.2175946,1.27848,1.1889863,1.128029,1.1122786,1.1161453,1.010258,0.9944316,1.0572813,0.8932911,0.9833371,0.8967226,0.80712223,0.9193087,0.9412551,0.5749529,0.5747168,0.5371548,0.49398097,0.48324138,0.4444092,0.399613,0.37230211,0.3792945,0.41901213,0.46306196,0.49611595,0.2922739,0.28599304,0.28550726,0.28604227,0.28615665,0.2786148,0.27986297,0.27451,0.26669782,0.2856087,0.29505163,0.2893609,3099.3691,1630.4137,2477.6235,660.5466,5772.709,2640.0325,23.032604,14.557822,0.14476338,0.102997854,0.015328267,0.016012708,361.4867,541.3335,-0.00023402735,0.01572273,-0.015198746,0.017279005,0.009321444,-0.014820643,0.062382013,0.06687187,0.10819716,0.103977375,0.032937292,0.030238466,unknown
15.0,-459.8697,118.93207,2.087951,40.35686,4.953099,16.624176,-14.8946295,5.794753,-6.177086,-7.3285375,-14.296344,-18.114393,-0.03929714,-8.721416,-6.119994,-5.7593513,0.55655617,-8.981274,-7.1286697,-4.297674,-9.533961,-11.022599,-1.9869547,4.0952783,-3.775725,-4.378698,-0.35032642,1.5654598,-4.804828,-3.26434,-5.39173,-6.508335,-2.960067,0.17322657,-0.9563294,-4.6864877,-2.3382297,-0.8735007,-0.6040687,-2.6233385,98.95444,65.76037,32.730003,36.99266,32.903866,19.964207,21.3902,13.674901,15.260391,13.258224,11.3458,14.63846,10.996387,10.632206,10.221652,9.890308,9.269053,9.597963,8.865666,8.734697,8.633518,7.8819304,7.72501,7.5803223,6.9565682,7.2871356,6.759867,6.7562575,6.0530076,6.3816104,5.788801,5.6484375,6.079665,5.1111326,4.950319,5.277493,4.952303,4.740192,5.0733447,5.1871295,-0.008172415,-0.026757414,-0.026002869,-0.013730958,-0.023909938,-0.018060915,-0.011277872,0.0037936799,0.019051116,0.006747185,0.001979593,-0.0071391105,2.0720556e-06,0.007125581,-0.01727038,-0.020330198,-0.0029610214,0.000520936,-0.0010483295,0.000407406,0.0020707757,0.014850454,0.017363729,0.011910902,-0.002739555,-0.012163437,0.006276258,0.0056686555,-0.0028308916,-0.0021758014,-0.00021160666,-0.00070334016,-0.0014978136,-0.0054266504,-0.007222874,0.00021183617,-0.008560539,-0.0035510622,0.0029441044,0.00016088679,11.247599,11.0440855,6.1227984,5.027674,5.2574487,3.0598357,3.6437938,2.3079898,2.6893408,2.3775065,1.8543379,2.0338395,1.6932135,1.7229089,1.8583846,1.5601606,1.504357,1.7138656,1.6388189,1.5126575,1.5148025,1.2784008,1.3012681,1.1922629,1.2186086,1.3770186,1.1384575,1.1086105,1.0672305,1.1846893,0.90928036,1.0028591,1.0427467,0.9390766,0.85072577,0.8734343,0.7918051,0.8300873,0.84054106,0.86523986,0.55132365,0.5191708,0.4746864,0.47338036,0.49503297,0.4719988,0.39362094,0.3640498,0.37811378,0.4165533,0.47446018,0.54331964,0.29105556,0.28934538,0.29400936,0.29622483,0.28268644,0.2667651,0.26494855,0.28093803,0.28404963,0.28463152,0.30235663,0.30915242,2337.801,1617.4504,2196.6348,737.2633,4429.9873,2911.5103,23.304995,13.91489,0.101708256,0.09804942,0.016158007,0.01470241,259.56006,441.98566,0.001572287,0.018355591,-0.0040991446,0.052703183,0.0032116433,-0.010410001,0.066880494,0.10241011,0.12773034,0.13170983,0.039189477,0.043654647,unknown
1.172,-502.54053,94.14545,-4.268381,72.65433,7.769928,30.920341,-11.484325,5.81721,-16.922358,-4.7882075,-9.767639,-30.606739,-0.9717975,-6.511641,-11.138253,-5.686227,-1.7631564,-14.925623,-1.6440387,-0.361936,-4.5306582,-7.9903655,-1.1236719,4.9334903,-0.5874314,-4.7688932,-4.7895155,6.1716013,-4.8629756,-5.219742,-3.9054327,-4.32064,-3.93599,-0.8072527,0.670573,-6.43181,-4.648766,0.51080376,-1.7838064,-5.2096586,80.909904,53.697105,25.122843,31.104744,38.73431,19.896406,23.240213,13.266385,16.214788,16.63726,11.183487,13.278258,8.994163,7.7350974,9.446445,5.9049444,8.733554,10.467074,8.82366,10.575844,6.774199,8.1214695,8.199295,7.7973413,5.4874506,7.553042,6.4194922,7.5852213,8.915454,4.495928,8.667786,4.845148,7.2051926,4.1797557,5.0077415,3.8076599,4.1611567,5.040078,5.740268,5.9849625,-3.066096,-1.2208652,-0.048430122,-1.198009,-0.6640232,-0.42394462,0.34700602,-0.26656035,-0.059694625,0.33883,0.09169806,0.34089813,-0.06382136,0.08586833,0.14469954,0.14252788,0.23991688,0.27474737,0.20926122,0.029011007,0.24233712,0.102293715,-0.13089383,0.011904542,0.18505038,-0.14637895,-0.22791778,-0.017190589,0.056476675,0.022024108,-0.017527258,0.15087806,-0.048901476,0.06614805,0.08356014,0.011716193,0.14449306,-0.1167942,-0.039031826,0.07292435,13.522391,11.179819,5.738168,5.3988147,7.3721337,3.028974,3.9348433,2.512902,2.994827,2.807855,2.303682,2.6509714,1.2072246,1.4441668,1.959025,0.9152033,1.3972543,2.109105,1.99101,1.961795,1.4909599,1.7263231,1.4548165,1.4814197,0.97367287,1.0773734,1.3670002,1.4218394,1.7594832,0.80441827,1.4528849,0.83998376,1.2478899,0.694658,0.9752256,0.63381124,0.7323858,0.9053989,1.1107731,0.98741174,0.5881109,0.641773,0.41113162,0.2825756,0.28190023,0.35954612,0.40617874,0.26963398,0.20415726,0.27807721,0.34024525,0.4034397,0.333064,0.29706657,0.2541636,0.2599907,0.2540244,0.28263155,0.33692378,0.22832243,0.21241611,0.2776178,0.2982296,0.3007932,2627.862,1685.4808,2218.2725,617.42224,4548.7754,2694.5496,23.584148,14.798874,0.12513857,0.09618452,0.013421424,0.010264692,569.9358,797.67834,-0.0017193056,-0.04452932,0.007286332,-0.06776006,0.025196461,0.0059245015,0.038004678,0.09383884,0.10918581,0.15945254,0.043221164,0.031356394,unknown
15.0,-326.76227,109.44352,-15.316002,31.650082,-20.593737,-4.7618318,-20.37173,-12.129191,-19.204933,-7.5287266,-11.147632,-13.541168,-9.362237,-19.013855,-4.1975822,-5.2915745,-9.603203,-7.6221757,-5.155803,-9.861603,-4.289585,-9.266371,-2.253434,-5.274251,-6.902808,-0.024028933,-6.867333,-2.5797012,-6.037336,-0.17033778,-4.873955,-0.9352077,0.40988335,-4.5849423,-0.5443122,-1.7285872,-0.38419497,-2.021392,0.71717715,-1.0004745,84.68548,57.44762,37.89098,32.82375,26.733675,18.469297,17.183167,18.296251,13.3264265,14.148314,12.482998,9.256957,10.077385,11.435086,8.788433,9.305211,9.044142,8.890423,9.395222,7.181886,7.94164,8.28563,6.706511,7.413671,6.771926,6.614883,7.6809926,8.116128,8.667787,8.884181,9.065129,9.746953,9.366266,8.581578,9.210584,8.399155,7.8097663,8.077034,7.899315,8.860693,0.25654957,0.030089308,-0.09918092,0.018841613,-0.038606144,0.01009187,-0.0058475467,-0.03478372,-0.02470411,0.0040340098,0.0047027837,-0.0004963341,-0.009933032,0.0007288837,0.013003701,-0.0020494421,0.0076035243,-0.012306294,-0.0078078615,-0.0031257835,0.0030091573,-0.0063518146,-0.008640149,0.014488754,-0.0065824115,-0.006828605,0.006555291,-0.0010836357,-0.008645006,0.0004279161,-0.0031569437,-0.010640515,-0.0054370794,-0.00053525326,0.004350957,0.004339239,0.00084792933,0.005605211,0.010847783,-0.004719355,15.429131,10.246891,6.8601685,4.788263,4.818968,3.521807,2.9115398,2.7792735,2.2682192,2.284619,2.0981805,1.5090859,1.6864802,2.0488577,1.6198504,1.6852633,1.5190309,1.4578283,1.6769468,1.2379375,1.2529868,1.2714331,1.2433491,1.0757238,1.1672295,1.1297697,1.2265688,1.1686611,1.299549,1.1933082,1.208247,1.3655254,1.0660595,1.2569269,1.3568536,1.2287683,1.2000681,1.3500192,1.3204585,1.4641095,0.3216209,0.2851379,0.3242877,0.40828496,0.43276122,0.4386248,0.40757582,0.39242604,0.36973467,0.38862404,0.3988864,0.3648226,0.29848796,0.2784051,0.30203307,0.34085092,0.31925872,0.31605068,0.30646586,0.31535128,0.31371188,0.324491,0.3252596,0.30942324,2398.0776,1461.6539,2156.2917,552.768,4275.0034,2347.8862,24.107107,14.518815,0.107590534,0.10013578,0.045511104,0.035902932,376.30914,508.17474,-0.004056,0.0032883899,-0.014076071,0.010463262,0.00056904537,0.0037629963,0.12558943,0.1407875,0.22151534,0.20879544,0.07364744,0.070950374,unknown
2.648,-415.23923,85.161156,-11.042126,33.92624,-27.53953,0.012566256,-21.795237,-19.741438,-16.335611,-6.680101,-15.248106,-13.940412,-8.660537,-13.084524,-4.0837297,0.12065686,-4.464762,-8.821551,1.4811577,-12.333238,-2.8926034,-6.725199,-4.3115773,-0.013566304,-6.509907,-0.43985993,-4.562614,-2.6748793,-5.1983643,-0.60402423,-4.626723,-0.4078677,-1.3023844,-4.5046654,-0.5959632,-0.5616974,-0.50737405,-2.0727673,1.8919111,-3.1445665,116.06592,68.67519,39.56461,35.66324,27.950705,26.628387,16.085789,13.104627,13.92882,11.675432,11.614013,8.389579,7.263438,6.631969,8.646927,9.6996,8.041814,7.418872,8.199039,6.276098,6.039881,7.305762,6.316941,6.420827,8.07095,5.6423464,6.0988555,4.348297,6.020115,4.827825,6.2798443,4.995371,4.495142,5.499935,4.4471235,5.324961,5.096153,6.24234,5.8717017,6.499446,-1.7635555,-0.034200553,0.6718285,-0.17927855,0.23102625,-0.15100335,0.1338514,0.109387636,0.090566665,-0.01942614,-0.02172503,0.074159026,0.112495564,0.012736899,-0.09920751,0.018633062,-0.04462899,0.02252128,-0.040281992,0.011742443,-0.01345602,0.072034046,0.06860038,-0.064810224,0.054852463,-0.008572544,-0.026642466,0.011030126,0.0052838656,-0.006581696,0.055864472,-0.0061387615,-0.007480938,0.05238409,-0.020916034,-0.008566921,-0.016547982,-0.043767206,-0.015596266,0.0031185774,13.968576,8.823018,6.3019147,4.653378,4.6364717,5.045681,2.657769,1.9979428,2.5392027,1.9174762,2.0230892,1.5525144,1.2048901,1.2763472,1.5558083,1.7156636,1.3448198,1.0521222,1.5519016,0.99234974,1.1328319,1.0202223,1.2148701,0.8305975,0.92229277,0.94044596,1.0037769,0.7841988,0.8769059,0.93463194,0.9763241,0.791642,0.7413401,0.85486126,0.795838,0.9373867,1.0431291,1.2242718,1.2051371,1.3020501,0.39037585,0.36217946,0.3691572,0.43499258,0.47782764,0.4136654,0.38292003,0.4247712,0.43261373,0.4241714,0.52581185,0.5056695,0.2517567,0.30426237,0.29427904,0.29539365,0.3156876,0.29656774,0.28752849,0.31483406,0.30736867,0.27002186,0.31008086,0.30746138,3060.305,1639.0825,2268.7065,631.65497,5419.8984,2499.2104,22.579597,15.039822,0.15611763,0.108780436,0.02548692,0.029100213,610.38666,661.38745,-0.027271515,-0.0034847439,0.07519132,-0.009462715,0.018063892,0.0024467853,0.08474194,0.057270803,0.1019814,0.071233936,0.039631102,0.035101388,unknown
15.0,-333.57162,90.96905,-27.532625,38.539562,-27.634077,-1.4658353,-27.750164,-4.8398914,-15.125504,-12.233661,-6.238961,-14.514235,-12.535406,-17.81788,-5.3448215,-5.591123,-11.863364,-7.0158134,-2.7944932,-12.019731,-1.1115624,-10.264696,-2.3923173,-4.70123,-7.8907537,-0.5101133,-6.696466,-1.2159481,-5.382007,-0.0021997057,-5.6707835,-0.3531871,-1.978677,-1.6579677,0.6795714,0.76803124,4.3759985,-0.017812897,5.8195515,0.14460953,92.99177,55.40926,38.614445,29.452637,26.312359,18.176613,20.441267,17.652254,14.67876,11.36394,11.056436,9.411753,10.993734,10.273287,9.690926,9.988531,9.883372,9.099619,9.089633,9.500654,8.7578,8.5834255,8.134621,7.7682815,7.460653,7.8608646,8.598273,10.396768,10.021381,9.06072,7.3166695,7.580149,8.980168,8.707197,10.029683,10.697139,10.564722,9.70522,10.654364,9.308314,-0.041233867,0.04341782,0.048100315,-0.028760284,-0.0026273401,0.008152281,0.011604785,-0.016602589,-0.0128533365,0.007264358,0.0009466295,-0.0044072196,-0.016339516,-0.008811818,0.00085858954,0.007544739,0.011609201,0.004130293,-0.008153329,-0.010248885,-0.0029424513,-0.008081152,-0.0074292836,0.000330043,0.0008417386,0.0037498153,-0.00032984218,0.0020617421,0.007732916,-0.00027399734,-0.0013946623,-0.0007767474,0.0010243173,0.0010759586,-0.0035639633,-0.003087979,-0.00048449502,0.0031483616,0.0013135592,-0.00061709946,15.219657,9.332444,6.4190297,4.1679697,4.4510493,2.992713,3.0586035,2.5065937,2.2236416,1.9258356,1.7461991,1.602966,1.7377872,1.6210507,1.5869733,1.5343597,1.559547,1.4206471,1.4010131,1.2979242,1.3139954,1.4201616,1.2755226,1.293975,1.1690823,1.1417404,1.2739049,1.3518673,1.3141435,1.302062,1.2897184,1.223665,1.3249766,1.1868482,1.3836644,1.4109297,1.5403979,1.4570307,1.6568859,1.468828,0.30788746,0.28591388,0.27762577,0.3017294,0.34012505,0.34863055,0.40498137,0.46364856,0.48029208,0.46278986,0.37302482,0.33732274,0.30642906,0.2896015,0.27959138,0.29250735,0.31661415,0.31810164,0.32130995,0.33418456,0.32768583,0.35057357,0.31319755,0.32980695,2860.8955,1493.0297,2310.5054,498.33508,5172.425,2202.3772,24.311266,15.2052,0.13378021,0.108210325,0.042801138,0.03743563,452.13034,536.4723,0.02055243,-0.030404437,-0.026358407,0.015268542,0.0028271193,0.012060394,0.17591438,0.1362147,0.23372576,0.23861241,0.07763534,0.09503976,unknown
6.216,-330.95746,92.37484,-26.797209,32.569344,-27.286106,0.9480137,-28.291454,-3.5853043,-20.441877,-9.101599,-10.473293,-11.847298,-7.5865965,-16.386631,-5.182695,-3.4584665,-7.4218802,-8.265032,-2.7593014,-14.338653,1.0140074,-13.711139,-2.1332855,-5.8699365,-7.9651732,3.2711034,-10.016054,1.0171251,-6.7703934,1.5428652,-6.4276166,-2.4659262,-0.07639856,-5.518191,-0.61859894,-0.19438647,1.2815274,-1.2880647,5.627572,2.0204287,116.413155,48.511692,29.897993,26.01245,24.415186,17.255516,23.511387,15.493543,15.436131,12.926301,11.936493,8.252082,11.4075165,8.870064,7.6864934,8.469461,8.558082,8.7576885,8.462028,10.126917,7.2929816,9.721606,8.403219,6.8969016,8.420972,9.258583,10.617844,7.280717,9.526231,7.5313888,7.557037,8.901482,6.609116,8.320112,7.8755393,9.367182,9.740665,9.471014,9.093296,8.266641,0.21796815,0.104540944,-0.048923854,0.010703285,-0.05475331,-0.10162404,-0.058445536,-0.014193814,0.018962728,-0.008649104,-0.028631391,-0.0054829456,0.015627101,0.020554459,-0.0043326356,-0.01485618,0.0023191643,0.0057703406,0.008739876,-0.0017829983,-0.023216635,0.005992134,0.019248264,-0.009395228,-0.007190866,-0.01381829,-0.0033112492,0.02348026,0.002256676,-0.0011627999,0.006083333,0.0061923116,0.01949297,0.01780717,0.014936954,0.0061915787,0.0027962246,0.0058116424,-0.0064205057,-0.010353662,14.175607,8.935165,5.8436036,3.8187022,3.9777815,3.5827754,3.4764075,2.1541216,2.5968628,1.9184012,1.7740047,1.5632961,1.9236882,1.3306981,1.2872149,1.583697,1.5054613,1.2535677,1.3310424,1.436466,1.3373028,1.3161136,1.2437468,1.1812018,1.3925499,1.4112343,1.5058885,1.3061335,1.2626406,1.2285545,1.1866795,1.3319322,1.0770949,1.301949,1.3244824,1.212248,1.2772146,1.2727839,1.2398428,1.4834166,0.418131,0.3893232,0.33685216,0.35169223,0.40498075,0.50838584,0.55449206,0.5079264,0.44508916,0.39879933,0.37268355,0.38010985,0.3107339,0.29280597,0.24740326,0.2869448,0.29035407,0.31875062,0.307807,0.3211493,0.3368315,0.3144522,0.32477856,0.32446826,3026.8875,1209.0477,2619.541,401.86377,5943.003,1701.0505,23.652073,15.405406,0.13508697,0.09547443,0.039518658,0.03520678,361.73965,451.34387,-0.023043191,-0.011901229,-0.06054303,-0.060973395,-0.018397922,0.021381399,0.098758675,0.13761751,0.18138112,0.20361592,0.057267193,0.07307777,unknown
15.0,-310.88434,113.12355,-24.811459,19.779688,-30.601465,7.9208937,-10.474509,0.69819826,-13.108592,-11.313968,-15.79375,-14.710494,-13.630805,-20.70176,-3.9090116,-11.933613,-9.823479,-4.993583,-6.954185,-11.50927,-5.010125,-9.377631,0.12840584,-7.745153,-7.3338647,2.409236,-6.3764834,-3.3156364,-6.2828293,2.3924582,-6.579852,-3.360833,-1.1720332,-4.674727,-2.1933293,-2.5302489,0.6960842,-0.9274119,3.2899716,0.91616285,106.83229,55.923027,37.78743,28.942062,28.453756,19.214975,18.62203,12.592594,11.8890705,11.682201,12.050515,10.421808,9.747097,9.581483,9.756999,9.686152,7.921237,8.111424,9.04562,7.991693,7.3246093,7.9971595,7.889729,7.8323727,7.573616,7.470119,8.503723,7.7536883,9.503884,9.867845,8.985899,9.86263,7.304748,7.7438617,6.9146767,7.1309958,8.75509,7.1122127,8.748535,8.535866,0.10859111,0.058015045,-0.013811099,-0.009584856,-0.013935441,-0.0050428323,0.0027626888,0.015154455,-0.0028424822,-0.008823636,-0.0049995673,0.007229328,0.011366535,0.009331404,0.015223031,0.0004901337,-0.0027158326,-0.0039996146,-0.006534981,-0.00922608,-0.007826427,-0.00101362,0.0006234773,-0.007643568,-0.0136495605,-0.0006846894,0.006193788,0.0055251447,-0.0041727917,-0.01560923,-0.018769592,-0.012490563,-0.003144222,0.00036397163,0.006089462,0.005591705,-0.0042554624,-0.009716226,-0.0026130555,0.0033118383,14.006292,9.1762905,6.1724234,4.784307,4.6523285,3.1103196,2.729166,2.214129,2.0807724,2.0400205,1.9297557,1.7434907,1.6545242,1.5664264,1.6907308,1.5828174,1.2413656,1.3057097,1.5927231,1.2525967,1.202174,1.2446948,1.4489427,1.3175445,1.1951814,1.2301908,1.4018166,1.2983259,1.3065499,1.3069682,1.3680738,1.316263,1.1928235,1.2854894,1.1075785,1.1502981,1.441405,1.2301347,1.4553822,1.3909416,0.3294745,0.3022561,0.3099578,0.38837674,0.48424715,0.5201728,0.4738038,0.3751543,0.32429454,0.3290323,0.35818067,0.3799289,0.2892831,0.2873736,0.2797411,0.3127226,0.32501993,0.3329161,0.31412804,0.30285406,0.28973964,0.30414644,0.3170804,0.3352282,2406.6223,1397.5613,2200.035,521.9429,4414.412,2291.6228,23.823471,14.369067,0.10202371,0.100551516,0.05464499,0.04157396,361.35825,409.5419,0.008833594,-0.002123821,-0.026642002,-0.016842268,-0.014769104,-0.00860235,0.113830365,0.15457188,0.22511958,0.20899506,0.080001466,0.07419742,unknown
3.64,-389.79648,149.86104,-1.4313045,10.32482,-31.009203,6.3558702,-11.717257,-0.5273735,-9.235176,-12.538374,-16.925194,-12.522533,-9.993556,-22.44464,-6.138385,-11.8117075,-8.336285,-1.4160109,-13.739153,-10.646608,-2.3706157,-12.870953,-1.0696845,-6.2680397,-7.2140985,0.6779954,-4.093726,-4.105361,-7.0925713,3.710681,-7.41595,-4.251922,0.027822327,-5.5381107,-1.8222953,-1.0795313,-0.7176885,-2.3632023,0.44933107,-2.9094477,109.86547,51.512333,41.933475,22.100214,26.415485,18.843487,16.995106,12.583773,14.097449,11.691366,11.869908,11.741435,8.7180805,8.080666,7.7672963,7.045612,7.638625,7.6947513,10.568185,6.8440967,6.6018596,8.478645,7.9365544,7.870399,8.410782,8.048901,5.4967475,6.5722547,6.3855863,6.5595174,5.9639053,6.5082116,4.881456,5.3557987,6.2153277,5.840401,5.3943124,4.8493037,5.5141597,4.8376255,-1.7176524,-0.8071433,0.21964058,0.19576709,0.28175592,-0.07378694,0.13601366,-0.009357417,0.032012872,0.096389435,0.034877695,-0.003244241,0.0007557743,0.06513801,-0.022961788,0.08047681,0.010762846,-0.05123757,0.07189347,0.04923419,-0.021732273,0.04601079,-0.016682679,-0.017924627,0.027532363,-0.01680206,0.03576808,0.025910886,0.02888942,-0.008676452,0.004375903,-0.015510083,-0.0050479895,0.00293683,-0.05548709,0.0072146947,-0.03642531,-0.056833837,0.01285605,0.013889568,12.596236,7.559478,7.6597266,3.437352,3.9108493,3.5012507,2.7187774,2.5198455,1.9377759,2.1487823,2.2720633,2.113777,1.5652708,1.3615924,1.4866071,1.2339042,1.366548,1.2327373,1.6702005,1.1308886,1.3106151,1.3833666,1.3600581,1.5923833,1.5451667,1.3347412,1.1273735,1.1539712,1.149476,1.1661503,1.0411893,1.0267183,0.8286052,1.0283344,1.0395924,1.0882887,0.8686984,0.9160611,0.95627666,0.85812825,0.4402578,0.408534,0.43491462,0.549278,0.5303261,0.47252578,0.45504504,0.47367698,0.4789179,0.46773264,0.52517533,0.5129865,0.27900627,0.27906907,0.23743677,0.2973967,0.30072942,0.29329747,0.28461143,0.2802057,0.28636476,0.27451912,0.31052122,0.2977473,1702.1375,1006.5685,1954.4053,556.6595,3124.4517,2165.8567,22.369175,13.978974,0.066410534,0.059373472,0.025032973,0.017131181,269.28928,348.46625,-0.029451737,0.019242173,0.05032841,-0.027432961,0.0014669383,-0.0038936648,0.07623567,0.050192706,0.11352104,0.07885911,0.032689568,0.039173383,unknown
15.0,-370.6562,97.38487,-25.96641,33.464535,-29.21165,7.7159257,-16.171473,0.91157526,-11.793289,-10.299607,-17.125832,-18.512924,-12.392557,-22.429434,-0.8158026,-8.007586,-9.745003,-4.2166176,-6.1338615,-12.662646,-5.8075643,-7.826636,-3.5367444,-8.765818,-7.5610685,1.2185342,-6.4866476,-6.847554,-5.2526426,1.1277297,-8.652066,-1.344555,-0.4426032,-2.9626663,1.0179967,1.7972721,4.4580064,3.349821,6.04607,3.5637038,96.480095,58.661842,39.32004,33.601254,28.69763,22.298223,16.675634,13.764998,11.878276,12.139092,12.684106,10.219055,10.093418,11.910631,8.765424,8.790171,8.326572,6.8550897,8.721388,7.178077,6.872167,6.609827,6.717998,6.77258,6.6124067,6.483821,5.8622346,5.964039,6.330174,7.9164863,7.6917953,8.451171,9.626523,8.90129,10.066698,9.311379,9.660409,10.087926,10.404711,10.808083,0.2665674,0.13375942,-0.026828956,0.016233977,0.030238552,-0.007971186,-0.020361008,0.0015948561,-0.022642128,0.0057490417,0.0023376122,-0.008199896,0.0020768566,-0.018499924,0.013738934,-0.013793062,-0.037584607,0.0027875148,0.0011573628,-0.0067233876,-0.0053092106,-0.0055428003,-0.0030779156,-0.0018538301,0.0009072396,-0.010836807,-0.013307786,-0.0019861576,-0.013593839,-0.0070985155,-0.0064329784,-0.0097991675,-0.0029424091,-0.012947392,-0.013166483,-0.012216061,0.013382503,0.017792184,0.021931274,0.042554054,13.48649,10.755591,6.8932858,4.751904,4.3718534,3.75646,2.7611585,2.4611259,2.0903354,2.0668879,2.0698967,1.7465283,1.619244,2.0421526,1.4503065,1.4502468,1.3895956,1.2250737,1.4693717,1.220332,1.1815933,1.142961,1.2374667,1.2373081,1.0802722,1.135499,1.0421797,1.0487548,1.1147767,1.3125385,1.2989513,1.3221744,1.375907,1.3284194,1.5014585,1.3497319,1.5318352,1.6952801,1.6854621,1.7023294,0.32683945,0.24125682,0.25217924,0.28034854,0.2977678,0.32445914,0.38094598,0.5076284,0.47937125,0.44232604,0.45073128,0.39966115,0.30917415,0.243601,0.2622654,0.27982026,0.2851045,0.3054842,0.29789147,0.3375294,0.31925178,0.32501394,0.36296892,0.32858703,2668.3682,1560.5713,2223.1152,455.1014,4746.0522,2188.339,24.071318,14.495462,0.11987929,0.11114155,0.028257446,0.020859048,394.62433,426.52875,-0.0020324201,0.036290366,0.038456224,-0.03678116,0.008775766,-0.01323799,0.13096516,0.13940571,0.25482208,0.2033796,0.08499165,0.07595608,unknown
15.0,-357.01672,111.82552,-21.66846,24.779938,-30.863735,2.527863,-12.219848,-0.53141737,-11.877126,-12.041642,-15.248852,-19.924461,-10.896884,-17.982338,-4.8759003,-6.8671517,-10.690029,-5.9667215,-5.3710938,-12.369274,-6.8216395,-7.7363095,-2.2007313,-7.023017,-7.539625,0.23100777,-6.1413155,-5.6769547,-6.3857493,-0.14301164,-6.6133676,-4.1414666,-1.7128363,-4.6973867,-2.4956138,-1.5278466,-0.7458353,-0.53196526,1.7863855,1.23752,84.05078,53.99731,42.823334,35.46877,27.720985,21.712172,16.048813,14.534447,13.603639,13.457033,13.64097,10.809907,8.985857,10.960452,8.162321,7.9997497,8.248467,6.563412,8.082377,6.5905266,6.1113873,7.362344,7.124236,6.769529,6.3689146,5.6418753,6.360898,5.560999,6.118635,5.994171,6.2505555,7.394358,6.217873,7.0696344,7.28371,6.421158,7.1207113,8.822199,8.791204,9.53297,0.13564129,-0.0077496916,-0.044770822,-0.009793536,-0.08922919,0.007938225,0.0044169417,-0.003675356,-0.033431776,-0.014383921,0.01883728,0.015303183,-0.011416277,-0.029148325,0.00090356526,-0.00038395455,0.016030984,0.014450417,0.0013321245,-0.008515689,0.004416174,0.009640552,-0.0036151272,-0.004398218,-0.0061104973,-0.0038160647,-0.0052554165,0.0064470926,0.00753565,-0.00868183,-0.002938849,0.0040489663,-0.00796708,0.0013910275,-0.004142222,-0.016780507,-0.02466754,-0.012632303,0.0066926656,0.0055946806,16.342133,10.595402,7.4636326,5.4439883,4.549206,3.6812067,2.5224862,2.4565434,2.2488942,2.1857784,2.0186386,1.6444801,1.523985,1.7089006,1.4058318,1.2318321,1.382293,1.2107594,1.3508654,1.19469,1.1668512,1.1811975,1.2229732,1.1175369,1.1357028,0.97469634,1.0003752,1.0016831,1.0273916,0.96453536,1.0584768,1.2275249,1.0354998,1.123101,1.1263019,1.0834035,1.1648653,1.2940524,1.4112817,1.4161621,0.36792168,0.29259327,0.28860253,0.33164567,0.43735743,0.4966929,0.45974588,0.39024568,0.33839902,0.36527243,0.39945903,0.43687382,0.31737503,0.2666313,0.26511165,0.2844091,0.31660637,0.3209352,0.30783802,0.304087,0.2796388,0.3298483,0.34692726,0.35844618,2393.7568,1400.8933,2159.333,560.42993,4280.0005,2348.0193,23.856916,14.516361,0.10760667,0.09553324,0.029444177,0.02043102,407.27396,441.65005,0.014470289,0.036490895,-0.052847628,-0.008544642,-0.004965767,-0.023567805,0.11927391,0.14355667,0.21378164,0.2098167,0.07995035,0.06507913,unknown
4.604,-358.6283,111.8475,-41.10887,51.594067,-35.096382,19.412205,-26.458748,0.11442121,-15.785012,-14.301875,-16.519903,-16.448723,-8.12262,-19.879368,1.8960294,-8.283685,-10.51721,-10.008279,-3.9093094,-16.119375,-4.9057937,-5.598137,-5.3737836,-7.8858347,-4.914503,1.8841544,-11.661085,-2.3235712,-5.6043353,-1.3512347,-8.368873,-2.418706,-3.34763,-7.0753117,-2.5992148,-4.2291193,-1.2188351,-2.86208,3.583094,2.7195435,66.1962,60.841896,36.13314,35.161102,27.611435,23.01412,13.011041,14.892547,11.12993,11.136754,12.85238,9.246238,10.820083,10.304627,10.7231865,8.306595,9.457828,7.710358,9.612205,8.020383,6.9820404,6.0261936,5.5482497,7.6378016,6.4973507,6.155112,6.956738,5.4978905,6.023823,5.863844,5.404895,7.083854,6.5409465,7.082236,6.8538775,5.989089,7.3550615,7.204445,8.511897,11.098188,-1.024937,0.06397406,-0.01997302,-0.15156227,0.15746899,-0.20320973,0.12486908,-0.038488146,-0.050583515,-0.05336381,0.013331884,-0.0921096,-0.031818673,0.04827106,0.028082648,0.082716,-0.019972725,0.060637135,0.051144507,0.043840103,-0.065134965,0.023018721,0.025135526,-0.0072528487,0.017415391,0.013769122,-0.005020016,-0.059398215,0.013947811,0.007974204,0.03483712,-0.0017428746,0.053743914,0.020408258,0.026236713,0.064696476,0.026300618,-0.008988416,-0.095357314,-0.06479555,12.179893,11.101207,7.0156145,5.512354,4.982118,4.3048067,2.049351,2.6234329,2.0909088,2.1651247,1.7689582,1.801778,1.809458,1.7418828,1.560955,1.3733765,1.5664335,1.1567664,1.5652037,1.568785,1.2589326,1.1569215,1.0778353,1.2086335,1.0681196,1.2227429,1.1270764,0.98298883,1.1582376,1.0900539,0.96824086,1.2918358,1.0331341,1.2370021,1.152536,0.97175324,1.1449268,1.1647561,1.32494,1.6262997,0.35654032,0.39663842,0.32263887,0.3292158,0.37841746,0.53761363,0.6235551,0.5164345,0.39891198,0.29509047,0.25101423,0.27901846,0.28906053,0.31567258,0.28212285,0.32518733,0.26827058,0.28444505,0.29223728,0.30569854,0.34852612,0.29867092,0.26525038,0.26956844,2815.7947,1688.7727,2195.3599,480.92108,4804.7417,2315.463,24.27731,14.852198,0.13356018,0.12119626,0.026570164,0.012368443,384.54764,405.419,-0.032515965,-0.010011676,-0.08919528,-0.102272816,-0.019799452,0.016668027,0.09262183,0.17426528,0.22318602,0.20034753,0.07200134,0.07236312,unknown
11.704,-423.90216,119.82342,10.725404,28.07241,-11.517939,-0.7780066,-8.2832575,0.7180968,-19.156132,-11.951025,-3.7403538,-1.9875685,-3.7122843,-13.983254,-3.4343522,-4.4506936,3.4887638,-1.2755836,-3.0141652,-2.1191747,-3.8076563,-5.2248216,-3.5134745,-2.2624073,-6.131451,-6.9853144,-5.4691133,0.80677134,-3.8426595,-3.484802,-4.042195,-4.5997896,-0.6428741,-0.19685751,-2.8240933,-4.3164654,-1.6004672,-0.023269465,-0.65010345,-3.701322,97.22782,72.105194,35.42751,40.94345,32.302456,21.170374,18.819231,15.882852,17.694567,15.817967,10.861873,11.816909,11.772934,10.631401,9.138725,8.78263,9.386783,8.374855,8.372348,8.491369,8.926053,7.9893694,6.888496,7.230204,6.64733,7.9547453,6.725661,7.0606294,6.7330327,6.142664,5.9335036,5.7727475,5.3908324,4.8912196,5.058415,4.9496593,4.6653414,4.6937194,4.504538,4.230848,0.1101394,0.10766868,0.041192543,0.025398834,0.042300574,0.03991846,-3.7155518e-05,-0.028677167,-0.025996331,-0.010999084,-0.00719297,-0.0067251134,-0.0043389043,0.0012537065,0.005375526,-0.0049588485,-0.018487291,-0.02451595,-0.013581838,0.00051790115,-0.00035987655,-0.0139923515,-0.02071353,-0.014211933,-0.005066296,0.00029660834,-0.0018945581,-0.000575007,-0.008911901,-0.017318903,-0.009170698,0.0018743958,0.0075217695,-0.0044311453,-0.017810667,-0.013580838,0.00058151333,0.007889007,0.007699529,0.0012974478,11.4799,12.180102,5.256073,5.8735137,5.3193803,3.8269,2.719425,2.8204584,2.892546,2.6113791,1.9385408,2.0529969,1.986549,1.744789,1.7241151,1.4826685,1.4818199,1.4362248,1.4771404,1.4390764,1.6495292,1.2749826,1.2762773,1.1971638,1.1282153,1.3316981,1.1337627,1.3302076,1.1642183,0.99826133,1.0873014,1.0499991,0.9550441,0.8704632,0.9264946,0.85549945,0.78871185,0.8216175,0.76020783,0.77917826,0.3957409,0.43966508,0.42102283,0.4307177,0.4399315,0.46758616,0.44430634,0.46922487,0.4839749,0.49978238,0.47879955,0.40810823,0.2987442,0.31436735,0.28619465,0.29620492,0.29479456,0.29891047,0.27800235,0.29838395,0.3002824,0.3027974,0.31172234,0.29566795,2409.7844,1686.1265,2122.5962,813.4785,4414.105,2956.738,22.60253,14.015859,0.1156773,0.10553957,0.022197803,0.024146449,343.7166,419.8213,-0.012578442,-0.007278565,0.015254513,-0.016590433,-0.0035114696,0.0013618919,0.0668666,0.049721565,0.11535427,0.088178754,0.03797804,0.036385585,unknown
6.368,-448.9954,131.13805,-5.1194925,28.905256,4.36917,-2.7448106,-10.169827,3.3126554,-12.081123,-13.174398,-4.020396,-7.5841656,-9.937793,-13.926467,-1.4907612,-5.116263,0.94894063,-0.928553,-4.865846,-0.6541711,-6.633661,-1.7578404,-3.9681785,-2.9616404,-0.866027,-10.153795,-3.303313,1.2909644,-4.3650417,-4.26711,-4.092538,-3.3033864,-1.1999265,-0.44082505,-4.2313566,-3.8462791,-1.6184899,0.23191436,-2.60108,-4.0742726,125.56745,70.625015,33.77243,38.176025,28.816128,21.371002,16.567152,11.769083,15.011613,14.309327,10.13122,10.142529,9.521479,9.427806,9.004928,7.65687,8.518127,9.253205,6.626404,8.05679,8.364452,7.395703,6.8850074,7.2933755,8.147822,8.764595,6.2089868,7.7327323,6.3739877,5.0965323,5.544323,5.043492,4.4966784,4.849844,4.9412208,4.5235686,4.528826,4.3565135,4.3662257,4.6883597,-0.117512524,-0.10829847,-0.05355771,-0.039414898,-0.0353113,-0.033718362,-0.026800137,-0.009810832,0.027670529,0.024890488,0.0065425346,-0.018622994,0.005093148,0.036662374,0.00948694,-0.012552577,-0.007962218,0.0334954,0.02918374,0.0028262173,-0.0012352711,0.011546169,0.032941196,0.031082008,0.033631228,0.023532707,0.026298828,0.025114533,0.007856289,-0.009354629,-0.016559009,-0.0036228844,-0.0057039256,-0.0049455496,-0.023113817,-0.027815439,-0.0076541863,0.0029447963,0.005074253,-0.0037808842,11.556736,10.022483,5.6828156,5.142817,4.820768,4.3489738,2.4661083,2.1072068,2.5937903,2.6610744,1.9613508,1.8643135,1.7544842,1.49901,1.550997,1.3060635,1.57557,1.5194647,1.1385338,1.6604487,1.4557908,1.2618994,1.2037034,1.0936376,1.2059653,1.4569987,1.0617199,1.1873161,1.1040581,0.8828614,0.8736524,0.8364552,0.82024866,0.9140777,0.8504867,0.7611079,0.78101313,0.73389554,0.6961924,0.8018268,0.3722719,0.37983608,0.44363347,0.44360045,0.46013123,0.54563737,0.5311479,0.49544126,0.46153593,0.50260866,0.5295797,0.45754614,0.2654922,0.28081232,0.31367207,0.29570952,0.27818108,0.30483887,0.29125187,0.29838863,0.2708511,0.29078224,0.31809035,0.29817495,2223.0623,1243.5111,2145.341,831.68964,4597.0005,2586.5747,22.54657,13.931673,0.094982326,0.06783741,0.023710256,0.025336834,195.51651,194.24913,-0.014829361,0.001796529,0.030306105,-0.041878637,-0.0027471427,0.01582636,0.07401377,0.0630315,0.13738924,0.123023555,0.04294198,0.042635884,unknown
5.084,-428.60114,128.46661,-13.662836,21.409245,-10.5721445,8.395147,-9.744878,7.3575883,-24.045506,-7.1649346,-11.186295,-8.083173,1.8706206,-10.061749,-6.612991,-4.985398,2.4834733,-15.822052,-4.866303,-9.463432,-4.1455,-0.7240923,-5.6992416,-1.9595686,-3.1120007,-3.332374,-3.9464657,-1.4887887,-5.3205886,-2.9801102,-3.2034395,2.8414943,-6.189748,-1.2727411,-1.2137939,-5.490211,1.6140237,-4.153295,-0.6289465,-0.16867325,132.99033,75.04282,33.069366,34.829014,32.140163,24.656578,17.084114,17.395142,18.850422,14.28042,12.538961,12.683212,11.680925,11.412709,9.791949,10.175219,10.003648,11.598197,8.748122,9.046353,6.7974973,8.806491,8.506337,7.361331,7.830608,7.262852,6.0550528,6.2716417,7.5103145,6.931366,6.6631227,6.5434165,6.6940217,5.1768236,5.7029977,5.617864,5.5034385,5.0419493,5.324955,5.412619,0.049461797,-0.030644974,-0.086408876,-0.039907847,0.0016655232,0.036315355,0.005563622,0.019794984,0.042700436,0.028790893,0.0031693073,-0.026455801,0.017200494,0.019703817,-0.0053596557,-0.017356638,-0.014233361,0.029321184,0.005765561,0.009585921,-0.004990047,-0.0017128051,0.014303424,-0.008233994,0.014951709,0.027668733,0.053289432,0.0068460996,0.005944053,-0.0024876453,-0.018417018,0.008165696,0.0025929986,0.013620628,-0.0385525,0.004947646,0.011404606,-0.004934354,0.010671353,0.007822983,12.666216,8.26147,5.2995043,4.613134,4.1160846,3.9293795,2.7928479,2.9115272,3.1565368,2.2977211,2.2638109,2.130102,2.1517143,1.5722917,1.6441188,1.5922256,1.8486456,1.7434163,1.6032853,1.4945295,1.1818789,1.3395289,1.4159112,1.2259051,1.2636971,1.168314,0.9798974,1.0396361,1.2659833,1.2205045,1.120039,1.0481583,1.1313455,0.9601147,1.0862694,1.0706462,1.058572,0.90460044,1.0111661,1.0045915,0.55231196,0.5792907,0.48757896,0.46288323,0.4953812,0.466055,0.4332532,0.42845485,0.38812026,0.3801904,0.43937385,0.45847988,0.27528542,0.2864728,0.28581345,0.28696862,0.3080641,0.28201514,0.28047878,0.3190692,0.30896086,0.25375202,0.30032802,0.26634526,2549.1362,1531.0398,2268.2424,820.584,4868.3174,2912.0017,22.66652,14.192077,0.118876524,0.08774904,0.023881882,0.02294156,416.49347,580.6796,0.0062201344,0.011034536,-0.015095062,0.03648468,0.003882173,0.0024580953,0.05456721,0.07467537,0.10642495,0.08780042,0.035255466,0.02833509,unknown
5.264,-508.9411,88.200195,3.3969452,17.015911,1.3698634,11.111307,-2.7913294,6.2414474,-16.93927,-3.3993452,-7.739554,-7.421081,-2.2804956,-12.014376,-4.5325227,-2.8972075,2.9261346,-6.52784,-6.276673,-4.8021245,-0.59325606,-3.6254244,-4.5171247,-2.9300563,-0.86468744,-2.9929476,-2.6695485,-0.5992039,-6.1296988,-1.3769001,-3.4273682,1.3214972,-4.560401,-0.95384973,-1.4708158,-4.1106133,2.0856533,-4.4052167,-1.1556606,-2.7923968,131.75,61.156246,26.677813,27.026653,21.762749,18.244215,14.395563,17.18648,16.1614,11.240501,10.202773,10.69101,10.76137,10.455826,8.526355,9.295281,9.7742,7.7536035,8.5983715,7.477611,5.825972,5.94451,6.892661,7.529871,7.013677,7.0407457,5.3127537,5.433535,6.2707844,4.762582,6.5863466,6.4242754,7.121376,5.5545683,4.8246303,5.5303516,5.363939,5.1854606,5.032456,5.369411,0.23710151,0.14335696,0.0019377391,0.038137343,0.09147131,0.10306545,0.042312674,-0.0019976066,-0.022993736,0.018842636,-0.02843576,-0.06187902,-0.037508085,-0.012394879,-0.003886308,0.012265117,0.024666041,-0.032896113,-0.02827273,-0.021091407,-0.022175547,-0.020882973,0.004087418,-0.005213782,-0.02770588,0.012387744,0.0028709932,0.0018268932,-0.007841598,-0.014691847,-0.026105922,-0.011859326,0.017866725,-0.0014033744,0.003344072,0.0010008595,-0.0043813125,-0.014516102,-0.0006873983,0.0028897242,10.859723,6.8854804,4.4482665,3.4978597,2.787169,3.2101345,1.9168792,2.3385217,2.3931818,1.8151717,1.4601251,1.7424862,1.7381159,1.7608751,1.5070778,1.4958119,1.3747733,1.3300002,1.5981348,1.1469593,0.95954835,0.90242857,1.1670372,1.088698,1.1605855,1.0688763,0.88068336,0.9303255,1.015369,0.7808758,0.9888172,0.946319,1.0864679,0.9074581,0.9810706,0.87941664,0.9153942,0.674327,0.697094,0.79145765,0.48250186,0.523737,0.50803274,0.46264848,0.4661343,0.43848914,0.4825581,0.5835038,0.5617647,0.4985091,0.46637937,0.43728322,0.2977277,0.29126483,0.28232157,0.29334265,0.30778143,0.26860112,0.2784772,0.2881693,0.27678555,0.2903647,0.2951585,0.2952947,2996.8174,1376.9316,2728.82,606.51373,6006.2026,2595.0356,21.7753,14.58402,0.1345777,0.0852645,0.012565393,0.02030139,364.12402,522.26355,0.026825322,0.021304153,0.040848207,0.007893745,0.015002287,-0.005369661,0.05860574,0.06891308,0.09527778,0.075138986,0.035792142,0.027061872,unknown
8.452,-406.6397,98.63979,-8.431045,32.862125,-6.7212415,19.336056,-8.080203,2.8687348,-26.388681,-12.224246,-11.454571,-4.9747066,-0.73448473,-11.850097,-6.50603,-6.5956383,7.3572445,-13.880622,-7.865716,-5.8322935,-1.28353,-2.951637,-6.171254,1.4364882,-2.3559976,-4.9051666,-3.2450383,-1.4916555,-5.466845,-2.2700353,-2.8038552,3.1058996,-6.5392985,-1.7505308,-2.0379963,-5.5548615,1.6467123,-4.9272647,-2.1836035,-1.458885,130.77164,63.96829,30.058296,40.297993,36.416553,21.649912,18.326021,16.500288,17.66765,16.603626,10.745131,12.123363,10.344829,8.743497,8.2442255,8.925296,12.523656,11.400353,8.006957,7.4540405,8.038771,7.296209,8.40878,7.313449,6.3464775,7.7931304,6.4012265,6.5786586,6.6823616,6.6592774,6.1261115,6.081339,6.6062136,5.027235,4.8482943,5.8791313,5.8520446,5.6922603,5.11514,4.770444,-0.027114263,-0.051369738,-0.036248174,-0.010707603,0.00442515,0.019947888,0.0049885134,-0.0023658082,-0.0042185,-0.013391523,-0.0130518675,0.009146166,0.030687178,0.026783742,0.014516738,-0.008283667,-0.021456309,-0.0060531925,0.011594102,0.009110029,0.0050983774,0.012462225,0.01303068,0.009692484,0.016410466,0.03206597,0.03473592,0.020620534,0.0034211308,-0.010486994,-0.009143002,0.003506637,0.007942971,-0.00065278594,-0.0075955004,-0.0052963006,0.0071113077,0.012810388,0.001039413,0.0003714949,13.719645,9.926096,5.0204034,5.121183,6.156001,3.418789,3.1895087,2.439596,2.733079,3.0777478,1.6016455,2.1644766,1.7168528,1.4601662,1.53956,1.4704711,1.8078364,1.7618375,1.5203707,1.4341619,1.3805766,1.26707,1.4349835,1.2994391,1.1072536,1.5054383,1.1714083,1.0874463,1.1985356,1.156518,1.0494679,1.0137823,1.0770819,0.8332541,0.8365775,0.9862538,1.0644573,0.94550955,0.7413417,0.83382624,0.48050648,0.5079806,0.46597084,0.4745704,0.53652203,0.4758639,0.43769544,0.47546345,0.42065513,0.40518323,0.3945874,0.42411315,0.29144984,0.28723475,0.26816696,0.28207538,0.28656545,0.27443954,0.28055125,0.3164002,0.29191446,0.2910175,0.28679657,0.29053542,2967.384,1604.8083,2489.7957,636.0796,5566.576,2630.8408,22.873407,14.451795,0.14089637,0.100311056,0.025018642,0.026186077,386.63388,494.38058,0.017180536,-0.006701996,-0.007847971,0.029828403,0.006750742,0.003846058,0.058368545,0.055220492,0.08620698,0.090200275,0.02607761,0.027719242,unknown
10.384,-440.66602,113.36163,-14.932653,26.196743,1.0626698,8.435083,-11.350655,1.8940264,-19.34305,-12.500934,-8.349318,-4.596451,-2.4821172,-11.886985,-6.629179,-3.8133647,1.6676444,-10.114847,-4.9576707,-7.337721,-4.5316114,-3.9894333,-3.0517929,-2.4053512,-0.8992269,-2.38596,-6.085303,1.3299315,-7.1757483,-1.5442533,0.6544287,-1.608998,-4.011076,-0.77387464,-2.7938333,-5.0312777,0.76011014,-4.468997,-0.24572049,-2.9386098,131.90712,68.61719,36.913795,34.682663,29.818457,20.133547,19.37082,15.805691,19.713438,15.75185,12.153699,12.678634,12.589768,10.29165,9.4406595,9.299467,8.798607,9.695941,7.7371364,7.598305,8.394776,7.367461,7.205421,6.95999,7.0444245,7.6693106,8.408985,6.2563243,8.339909,5.9604554,6.092219,6.1745367,5.422639,5.5900946,5.0595403,5.2061787,5.1476126,5.434531,4.9372997,4.9929,-0.07475379,-0.028706009,0.016902672,0.007869128,-0.0044679907,-0.012394665,0.007964167,0.0044718436,0.0016620636,-0.007440479,0.006658971,0.0013234271,0.008562022,0.008652077,0.0010332137,0.0085067805,-0.008084096,0.014481366,0.017401561,0.0023394306,0.005267903,0.0114767365,0.0012240718,-0.0040428666,0.00084723695,0.004476312,0.017487025,0.0023277712,0.0047973134,0.008222567,0.013494099,0.010742801,-0.0036222266,0.0032217775,0.005442098,0.0071034506,-0.009521524,-0.0017094575,0.0014785392,-0.0041358992,13.48991,9.299726,5.3519564,4.5076203,4.7110596,3.1460109,2.8619444,2.4447935,3.070432,2.6436684,2.026291,2.1091387,1.8689058,1.5048782,1.6002692,1.4421829,1.4108078,1.7366365,1.3406576,1.3727582,1.3575585,1.3099211,1.2767855,1.1647391,1.1575414,1.4920955,1.4647042,1.0872463,1.2911928,1.0146052,1.0240655,1.0815066,0.95526946,0.9614874,0.89197105,0.854343,0.8721208,0.8899157,0.79844195,0.7936246,0.5031412,0.4888854,0.4311326,0.44941148,0.472123,0.44254342,0.41097417,0.40283808,0.39704764,0.40111718,0.4145964,0.48558426,0.30237195,0.3218215,0.28758314,0.30217004,0.2902528,0.27832437,0.28486285,0.29623964,0.29777613,0.29647997,0.28885764,0.3233531,2589.1936,1417.4564,2287.9058,746.26196,4995.8896,2610.9695,22.585302,13.942053,0.11722881,0.084707946,0.020174244,0.022790309,382.69824,507.3249,0.026615178,-0.0072595403,-0.0068130093,0.03732853,-0.0051583336,0.003115879,0.06681036,0.0780461,0.119459115,0.099231765,0.039676435,0.03504699,unknown
4.432,-408.89377,128.24481,-13.15469,18.99078,-0.68748724,9.12251,-14.048097,9.750705,-31.15155,-8.603442,-8.61267,-5.6906657,2.402023,-14.098685,-6.954933,-2.4495714,6.0263543,-14.695559,-4.0795617,-8.291276,-7.2695208,-2.1079967,-6.2325697,-4.5644846,1.1409146,-3.753768,-7.266353,0.56115186,-6.42826,-2.7197788,-0.48756343,2.0774076,-5.607178,2.4736981,-4.9743876,-5.857782,2.172177,-6.8776374,2.511413,-3.010319,135.23175,73.972755,33.67837,33.646843,28.536118,20.42702,24.514807,13.723374,18.994362,14.85922,11.514165,10.113274,11.499553,10.787753,9.344866,9.127676,10.17408,12.8854065,8.652984,8.894748,8.427297,8.891602,7.2240534,6.797991,6.8262167,7.5000286,7.9498386,6.373402,6.728017,5.500326,7.0181427,5.5652747,6.4477563,5.701929,5.55353,5.9383144,6.157546,5.8806095,5.253722,4.9708867,-0.14635594,-0.1953518,-0.12539,-0.00845883,-0.06502476,-0.11085414,-0.040600907,-0.01708968,0.03344124,0.03742515,0.021867381,0.014237736,0.073257856,0.029899117,-0.020438887,0.006751671,-0.014657499,0.042693198,0.007979194,0.022343814,0.0340723,0.026946347,0.0057570743,0.023272613,0.09147429,0.048681594,0.08901787,0.014831186,0.014379474,0.014959537,0.015292143,0.054662097,-0.005493864,0.009807607,-0.038862735,-0.020941934,-0.019784495,0.016674917,0.006107327,-0.03007179,15.516506,10.297747,5.539872,5.055547,5.3490353,3.7766213,3.5151076,2.438356,3.5134861,2.796268,1.9520463,1.8383213,2.172711,1.5059208,1.7057059,1.3482379,1.6846787,2.2211199,1.4436795,1.5754822,1.2646354,1.5341028,1.4479743,1.2543522,1.3146427,1.3972434,1.5357472,1.2031405,1.2521602,0.92395335,1.0932674,1.0187415,1.215139,0.80447334,0.88548267,0.9223756,1.0675033,1.0506076,0.8262729,0.9485884,0.53475916,0.51517284,0.47584513,0.48124975,0.45319754,0.4463616,0.4501367,0.42072353,0.38354757,0.4073954,0.39794496,0.49203047,0.2918206,0.2724673,0.27457145,0.32376954,0.27311844,0.2586194,0.29098406,0.28847378,0.29827508,0.30738837,0.290105,0.32336465,2637.2158,1524.1559,2391.8745,882.0351,5144.9526,3120.9753,23.382065,14.546996,0.12422894,0.083697096,0.02549722,0.024335608,390.8959,511.58463,0.0152431335,0.011986074,-0.033827726,0.030955935,-0.006327728,0.008908636,0.045109812,0.07063131,0.090427555,0.08498879,0.029756567,0.03080877,unknown
